[    {        "online_location" : "https://raw.githubusercontent.com/Machine-builder/farmframe_text_farming_python/master/FarmFrame.py",        "directory_location" : "FarmFrame.py"    },    {        "online_location" : "https://raw.githubusercontent.com/Machine-builder/farmframe_text_farming_python/master/farmframe_modules/classes.py",        "directory_location" : "farmframe_modules\\classes.py"    },    {        "online_location" : "https://raw.githubusercontent.com/Machine-builder/farmframe_text_farming_python/master/farmframe_modules/crafters.py",        "directory_location" : "farmframe_modules\\crafters.py"    },    {        "online_location" : "https://raw.githubusercontent.com/Machine-builder/farmframe_text_farming_python/master/farmframe_modules/intro.py",        "directory_location" : "farmframe_modules\\intro.py"    },    {        "online_location" : "https://raw.githubusercontent.com/Machine-builder/farmframe_text_farming_python/master/farmframe_modules/texts.py",        "directory_location" : "farmframe_modules\\texts.py"    },    {        "online_location" : "https://raw.githubusercontent.com/Machine-builder/farmframe_text_farming_python/master/recipes.json",        "directory_location" : "recipes.json"    },    {        "online_location" : "https://raw.githubusercontent.com/Machine-builder/farmframe_text_farming_python/master/save_begin.json",        "directory_location" : "save_begin.json"    },    {        "online_location" : "https://raw.githubusercontent.com/Machine-builder/farmframe_text_farming_python/master/save.json",        "directory_location" : "save.json"    },    {        "online_location" : "https://raw.githubusercontent.com/Machine-builder/farmframe_text_farming_python/master/resources.json",        "directory_location" : "resources.json"    },    {        "online_location" : "https://raw.githubusercontent.com/Machine-builder/farmframe_text_farming_python/master/httpsRequests.json",        "directory_location" : "httpsRequests.json"    }]