{
    "zip_file": {
        "online_location" : "https://raw.githubusercontent.com/Machine-builder/FarmFrame-TextGame-OnlineDirectory/master/FARMFRAMEZIP.zip",
        "directory_location" : "0FarmFrame New Updates\\installation.zip"
    },

    "version_file": {
        "online_location" : "https://raw.githubusercontent.com/Machine-builder/FarmFrame-TextGame-OnlineDirectory/master/online_version.txt"
    },

    "changelog": {
        "online_location" : "https://raw.githubusercontent.com/Machine-builder/FarmFrame-TextGame-OnlineDirectory/master/changelog.txt"
    }
}