{    "crafting_no_table": {                "rope": {            "ingredients" : {                "vine":2            },            "output_items": {                "rope":1            }        },        "bark": {            "ingredients" : {                "wood":2            },            "output_items" : {                "bark":1            }        },        "stripped bark": {            "ingredients" : {                "bark":1            },            "output_items" : {                "stripped bark":5            }        },        "bark rope": {            "ingredients" : {                "stripped bark":5            },            "output_items" : {                "rope":1            }        },        "plank": {            "ingredients" : {                "wood":2,                "rope":1            },            "output_items" : {                "plank":1            }        },        "crafter" : {            "ingredients" : {                "plank":10,                "rope": 8            },            "output_items" : {                "crafter":1            }        },        "charcoal" : {            "ingredients" : {                "wood":1            },            "output_items" : {                "coal":1            }        }    },    "crafting_crafter" : {        "furnace": {            "ingredients" : {                "cobblestone":35,                "coal":10            },            "output_items": {                "furnace": 1            }        },        "copper wire": {            "ingredients" : {                "copper plate":5            },            "output_items": {                "copper wire": 5            }        },        "material reducer": {            "ingredients": {                "plank":20,                "rope":10,                "copper plate":6            },            "output_items": {                "material reducer": 1            }        }    },    "crafting_material_reducer" : {        "sand": {            "ingredients": {                "sandstone":1            },            "output_items": {                "sand": 5            }        },        "quartz": {            "ingredients": {                "sand":1            },            "output_items": {                "qaurtz": 5,                "gravel": 3            }        },        "silicon": {            "ingredients": {                "qaurtz":1            },            "output_items": {                "silicon": 2,                "oxygen": 250            }        }    }}