{
    "crafting_no_table": {
        
        "rope": {
            "ingredients" : {
                "vine":2
            },
            "output_items": {
                "rope":1
            }
        },

        "bark": {
            "ingredients" : {
                "wood":2
            },
            "output_items" : {
                "bark":1
            }
        },

        "stripped bark": {
            "ingredients" : {
                "bark":1
            },
            "output_items" : {
                "stripped bark":5
            }
        },

        "bark rope": {
            "ingredients" : {
                "stripped bark":5
            },
            "output_items" : {
                "rope":1
            }
        },

        "plank": {
            "ingredients" : {
                "wood":2,
                "rope":1
            },
            "output_items" : {
                "plank":1
            }
        },

        "crafter" : {
            "ingredients" : {
                "plank":10,
                "rope": 8
            },
            "output_items" : {
                "crafter":1
            }
        },

        "charcoal" : {
            "ingredients" : {
                "wood":1
            },
            "output_items" : {
                "coal":1
            }
        }
    },

    "crafting_crafter" : {

        "hydraulic press": {
            "ingredients": {
                "pipe": 10,
                "hydraulic press base": 1,
                "hydraulic piston": 4,
                "oxygen canister": 5
            },
            "output_items": {
                "hydraulic press": 1
            }
        },

        "furnace": {
            "ingredients" : {
                "cobblestone":35,
                "coal":10
            },
            "output_items": {
                "furnace": 1
            }
        },

        "electricians crafter": {
            "ingredients" : {
                "plank": 20,
                "rope": 5,
                "glass": 10,
                "silicon": 8
            },
            "output_items": {
                "electricians crafter": 1
            }
        },

        "mechanics crafter": {
            "ingredients" : {
                "plank": 20,
                "rope": 2,
                "iron ingot": 5
            },
            "output_items": {
                "mechanics crafter": 1
            }
        },

        "material reducer": {
            "ingredients": {
                "plank":20,
                "rope":10,
                "glass":10
            },
            "output_items": {
                "material reducer": 1
            }
        },

        "automation crafter": {
            "ingredients": {
                "iron plate":10,
                "rope":10,
                "microchip":5
            },
            "output_items": {
                "automation crafter": 1
            }
        }
    },

    "crafting_furnace" : {

        "glass": {
            "ingredients": {
                "sand": 5,
                "coal": 1
            },
            "output_items": {
                "glass": 2
            }
        },

        "copper ingot": {
            "ingredients": {
                "copper ore": 5,
                "coal": 1
            },
            "output_items": {
                "copper ingot": 5
            }
        },

        "iron ingot": {
            "ingredients": {
                "iron ore": 5,
                "coal": 1
            },
            "output_items": {
                "iron ingot": 5
            }
        }
    },

    "crafting_material_reducer" : {

        "sandstone > sand": {
            "ingredients": {
                "sandstone":1
            },
            "output_items": {
                "sand": 5
            }
        },
        "sand > quartz": {
            "ingredients": {
                "sand":1
            },
            "output_items": {
                "qaurtz": 5,
                "gravel": 3
            }
        },
        "quartz > silicon": {
            "ingredients": {
                "qaurtz":1
            },
            "output_items": {
                "silicon": 2,
                "oxygen": 250
            }
        },

        "salt > sodium chloride": {
            "ingredients": {
                "salt": 1
            },
            "output_items": {
                "sodium chloride": 2
            }
        }
    },

    "crafting_electricians_crafter": {
        "copper wire": {
            "ingredients" : {
                "copper plate":5
            },
            "output_items": {
                "copper wire": 5
            }
        },
        "microchip": {
            "ingredients" : {
                "copper wire":2,
                "silicon":2
            },
            "output_items": {
                "microchip": 1
            }
        },
        "processor 01": {
            "ingredients" : {
                "microchip": 10
            },
            "output_items": {
                "processor 01": 1
            }
        },
        "electrolyte canister": {
            "ingredients" : {
                "water canister": 1,
                "sodium chloride": 2
            },
            "output_items": {
                "electrolyte canister": 1
            }
        },
        "electrolyte": {
            "ingredients" : {
                "electrolyte canister": 1
            },
            "output_items": {
                "empty canister": 1,
                "electrolyte": 200
            }
        },
        "charged battery": {
            "ingredients" : {
                "zinc": 2,
                "electrolyte": 25
            },
            "output_items": {
                "charged battery": 5
            }
        }
    },

    "crafting_mechanics_crafter": {
        "pipe": {
            "ingredients" : {
                "iron ingot": 2
            },
            "output_items": {
                "pipe": 5
            }
        },
        "hydraulic press base": {
            "ingredients" : {
                "iron ingot": 5,
                "silicon": 5
            },
            "output_items": {
                "hydraulic press base": 1
            }
        },
        "hydraulic piston": {
            "ingredients" : {
                "oxygen canister": 2,
                "pipe": 5,
                "iron ingot": 5
            },
            "output_items": {
                "hyrdraulic piston": 2
            }
        },

        "empty canister": {
            "ingredients" : {
                "pipe": 10
            },
            "output_items": {
                "empty canister": 10
            }
        },
        "oxygen canister": {
            "ingredients" : {
                "empty canister": 2,
                "oxygen": 500
            },
            "output_items": {
                "oxygen canister": 2
            }
        }
    },

    "crafting_hydraulic_press": {
        "copper plate": {
            "ingredients" : {
                "copper ingot": 2,
                "oxygen canister": 1
            },
            "output_items": {
                "copper plate": 2,
                "empty canister": 1
            }
        },
        "iron plate": {
            "ingredients" : {
                "iron ingot": 2,
                "oxygen canister": 1
            },
            "output_items": {
                "iron plate": 2,
                "empty canister": 1
            }
        },

        "sand": {
            "ingredients" : {
                "sandstone": 2,
                "oxygen canister": 1
            },
            "output_items": {
                "sand": 10,
                "empty canister": 1
            }
        }
    },

    "crafting_automation_crafter": {
        "auto wood module": {
            "ingredients" : {
                "processor": 5,
                "silicon": 10,
                "wood": 5
            },
            "output_items": {
                "auto wood module": 1
            }
        }
    }
}