{
    "first_time": 1,

    "variableData": {
        "treePopulation": 180000,

        "dayTime": 6,

        "sleepDelay": 0.3
    },

    "playerVariables": {
        "username": "usr",
        "playerInventory": {},
        "playerHealth": 100,
        "playerFoodbar": 100,
        "playerThirstbar": 100,

        "playerTired": 0,
        "playerMaxTired": 100
    },

    "resourceVariables": {
        "wood_output_resources": 3,
        "mining_output_resources": 5,
        "mineral_output_resources": 1,

        "chop_delay": 1.5,
        "mine_delay": 1.5,
        "mineral_extraction_delay": 1.0
    },

    "warehouseChests": {
        "startingChest": {
            "capacity": 200,
            "inventory": {}
        }
    },

    "newVars": {
        "value": "True"
    },

    "craftingTimes": {
        "craft": 0.3,
        "crafter": 0.2,
        "furnace": 0.8,
        "material reducer": 0.2,
        "electricians crafter": 0.2,
        "mechanics crafter": 0.2,
        "hydraulic press": 0.6,
        "automation crafter": 0.2
    },

    "newResources_0003": {
        "water_delay": 1.5
    }
}