{"first_time": 0, "variableData": {"treePopulation": 180000, "dayTime": 20, "sleepDelay": 0.3}, "playerVariables": {"username": "MACHINE_BUILDER", "playerInventory": {"cobblestone": 23, "copper_ore": 12, "ruby": 3, "iron ore": 9, "emerald": 1, "rock": 1200, "sandstone": 6, "dirt": 8, "sand": 6, "vine": 8, "stripped bark": 20, "crafter": 1, "coal": 6348225, "gold ore": 3}, "playerHealth": 100, "playerFoodbar": 100, "playerThirstbar": 100, "playerTired": 22, "playerMaxTired": 100}, "resourceVariables": {"wood_output_resources": 3, "mining_output_resources": 5, "mineral_output_resources": 1, "chop_delay": 1.5, "mine_delay": 1.5, "mineral_extraction_delay": 1.0}, "warehouseChests": {"startingChest": {"capacity": 200, "inventory": {}}}, "newVars": {"value": "True"}}