{    "first_time": 1,    "variableData": {        "treePopulation": 180000,        "dayTime": 6,        "sleepDelay": 0.3    },    "playerVariables": {        "username": "usr",        "playerInventory": {},        "playerHealth": 100,        "playerFoodbar": 100,        "playerThirstbar": 100,        "playerTired": 0,        "playerMaxTired": 100    },    "resourceVariables": {        "wood_output_resources": 3,        "mining_output_resources": 5,        "mineral_output_resources": 1,        "chop_delay": 1.5,        "mine_delay": 1.5,        "mineral_extraction_delay": 1.0    },    "warehouseChests": {        "startingChest": {            "capacity": 200,            "inventory": {}        }    },    "newVars": {        "value": "True"    }}